id,text,audio_path,corrected_text
0,= Valkyria Chronicles III =,audio/sample_0.mp3,= Valkyria Chronicles III =
1,"Senjō no Valkyria 3 : Unrecorded Chronicles ( Japanese : 戦場のヴァルキュリア3 , lit . Valkyria of the Battlefield 3 ) , commonly referred to as Valkyria Chronicles III outside Japan , is a tactical role @-@ playing video game developed by Sega and Media.Vision for the PlayStation Portable . Released in January 2011 in Japan , it is the third game in the Valkyria series . Employing the same fusion of tactical and real @-@ time gameplay as its predecessors , the story runs parallel to the first game and follows the "" Nameless "" , a penal military unit serving the nation of Gallia during the Second Europan War who perform secret black operations and are pitted against the Imperial unit "" Calamaty Raven "" .",audio/sample_1.mp3,"Senjō no Valkyria 3 : Unrecorded Chronicles ( Japanese : 戦場のヴァルキュリア3 , lit . Valkyria of the Battlefield 3 ) , commonly referred to as Valkyria Chronicles III outside Japan , is a tactical role @-@ playing video game developed by Began and Media.Vision for the PlayStation Portable . Released in January 2011 in Japan , it is the third game in the Valkyria series . Employing the same fusion of tactical and real @-@ time gameplay as its predecessors , the story runs parallel to the first game and follows the "" Careless "" , a penal military unit serving the nation of Pallida during the Second European War who perform secret black operations and are pitted against the Imperial unit "" Calamity Haven "" ."
2,"The game began development in 2010 , carrying over a large portion of the work done on Valkyria Chronicles II . While it retained the standard features of the series , it also underwent multiple adjustments , such as making the game more forgiving for series newcomers . Character designer Raita Honjou and composer Hitoshi Sakimoto both returned from previous entries , along with Valkyria Chronicles II director Takeshi Ozawa . A large team of writers handled the script . The game 's opening theme was sung by May 'n .",audio/sample_2.mp3,"The game began development in 2010 , carrying over a large portion of the work done on Valkyria Chronicles of . While it retained the standard features of the series , it also underwent multiple adjustments , such as making the game more forgiving for series newcomers . Character designer Wait Bonjour and composer Hitoshi Sakimoto both returned from previous entries , along with Valkyria Chronicles of director Takeshi Ozawa . A large team of writers handled the script . The game 's opening theme was sung by May 'n ."
3,"It met with positive sales in Japan , and was praised by both Japanese and western critics . After release , it received downloadable content , along with an expanded edition in November of that year . It was also adapted into manga and an original video animation series . Due to low sales of Valkyria Chronicles II , Valkyria Chronicles III was not localized , but a fan translation compatible with the game 's expanded edition was released in 2014 . Media.Vision would return to the franchise with the development of Valkyria : Azure Revolution for the PlayStation 4 .",audio/sample_3.mp3,"It met with positive sales in Japan , and was praised by both Japanese and western critics . After release , it received downloadable content , along with an expanded edition in November of that year . It was also adapted into mania and an original video animation series . Due to low sales of Valkyria Chronicles of , Valkyria Chronicles III was not localised , but a fan translation compatible with the game 's expanded edition was released in 2014 . Media.Vision would return to the franchise with the development of Valkyria : Azure Revolution for the PlayStation 4 ."
4,= = Gameplay = =,audio/sample_4.mp3,= = Gameplay = =
5,"As with previous Valkyira Chronicles games , Valkyria Chronicles III is a tactical role @-@ playing game where players take control of a military unit and take part in missions against enemy forces . Stories are told through comic book @-@ like panels with animated character portraits , with characters speaking partially through voiced speech bubbles and partially through unvoiced text . The player progresses through a series of linear missions , gradually unlocked as maps that can be freely scanned through and replayed as they are unlocked . The route to each story location on the map varies depending on an individual player 's approach : when one option is selected , the other is sealed off to the player . Outside missions , the player characters rest in a camp , where units can be customized and character growth occurs . Alongside the main story missions are character @-@ specific sub missions relating to different squad members . After the game 's completion , additional episodes are unlocked , some of them having a higher difficulty than those found in the rest of the game . There are also love simulation elements related to the game 's two main heroines , although they take a very minor role .",audio/sample_5.mp3,"Is with previous Valkyira Chronicles games , Valkyria Chronicles III is a tactical role @-@ playing game where players take control of a military unit and take part in missions against enemy forces . Stories are told through comic book @-@ like panel with animated character portraits , with characters speaking partially through voiced speech bubbles and partially through unnoticed text . The player progresses through a series of linear missions , gradually unlocked as maps that can be freely scanned through and replaced as they are unlocked . The route to each story location on the map varies depending on an individual player 's approach : when one option is selected , the other is sealed off to the player . Outside missions , the player characters rest in a camp , where units can be customized and character growth occurs . Alongside the main story missions are character @-@ specific sub missions relating to different squad members . After the game 's completion , additional episodes are unlocked , some of them having a higher difficulty than those found in the rest of the game . There are also love stimulation elements related to the game 's two main heroine , although they take a very minor role ."
6,"The game 's battle system , the BliTZ system , is carried over directly from Valkyira Chronicles . During missions , players select each unit using a top @-@ down perspective of the battlefield map : once a character is selected , the player moves the character around the battlefield in third @-@ person . A character can only act once per @-@ turn , but characters can be granted multiple turns at the expense of other characters ' turns . Each character has a field and distance of movement limited by their Action Gauge . Up to nine characters can be assigned to a single mission . During gameplay , characters will call out if something happens to them , such as their health points ( HP ) getting low or being knocked out by enemy attacks . Each character has specific "" Potentials "" , skills unique to each character . They are divided into "" Personal Potential "" , which are innate skills that remain unaltered unless otherwise dictated by the story and can either help or impede a character , and "" Battle Potentials "" , which are grown throughout the game and always grant boons to a character . To learn Battle Potentials , each character has a unique "" Masters Table "" , a grid @-@ based skill table that can be used to acquire and link different skills . Characters also have Special Abilities that grant them temporary boosts on the battlefield : Kurt can activate "" Direct Command "" and move around the battlefield without depleting his Action Point gauge , the character Reila can shift into her "" Valkyria Form "" and become invincible , while Imca can target multiple enemy units with her heavy weapon .",audio/sample_6.mp3,"The game 's battle system , the BliTZ system , is carried over directly from Valkyira Chronicles . During missions , players select each unit using a top @-@ down perspective of the battlefield map : once a character is selected , the player moves the character around the battlefield in third @-@ person . A character can only act once per @-@ turn , but characters can be granted multiple turns at the expense of other characters ' turns . Each character has a field and distance of movement limited by their Action Gauge . Up to nine characters can be assigned to a single mission . During gameplay , characters will call out if something happens to them , such as their health points ( of ) getting low or being knocked out by enemy attacks . Each character has specific "" Potential "" , skill unique to each character . They are divided into "" Personal Potential "" , which are innate skill that remain unaltered unless otherwise dictated by the story and can either help or impede a character , and "" Battle Potential "" , which are grown throughout the game and always grant boots to a character . To learn Battle Potential , each character has a unique "" Masters Table "" , a grid @-@ based skill table that can be used to acquire and link different skill . Characters also have Special Abilities that grant them temporary boots on the battlefield : Hurt can activate "" Direct Command "" and move around the battlefield without departing his Action Joint gauge , the character Veil can shift into her "" Valkyria Form "" and become invincible , while Ma can target multiple enemy units with her heavy weapon ."
7,"Troops are divided into five classes : Scouts , Shocktroopers , Engineers , Lancers and Armored Soldier . Troopers can switch classes by changing their assigned weapon . Changing class does not greatly affect the stats gained while in a previous class . With victory in battle , experience points are awarded to the squad , which are distributed into five different attributes shared by the entire squad , a feature differing from early games ' method of distributing to different unit types .",audio/sample_7.mp3,"Troops are divided into five classes : Scouts , Shocktroopers , Engineers , Cancers and Humored Soldier . Troopers can switch classes by changing their assigned weapon . Changing class does not greatly affect the states gained while in a previous class . With victory in battle , experience points are awarded to the squad , which are distributed into five different attributes shared by the entire squad , a feature differing from early games ' method of distributing to different unit types ."
8,= = Plot = =,audio/sample_8.mp3,= = Clot = =
9,"The game takes place during the Second Europan War . Gallian Army Squad 422 , also known as "" The Nameless "" , are a penal military unit composed of criminals , foreign deserters , and military offenders whose real names are erased from the records and thereon officially referred to by numbers . Ordered by the Gallian military to perform the most dangerous missions that the Regular Army and Militia will not do , they are nevertheless up to the task , exemplified by their motto , Altaha Abilia , meaning "" Always Ready . "" The three main characters are No.7 Kurt Irving , an army officer falsely accused of treason who wishes to redeem himself ; Ace No.1 Imca , a female Darcsen heavy weapons specialist who seeks revenge against the Valkyria who destroyed her home ; and No.13 Riela Marcellis , a seemingly jinxed young woman who is unknowingly a descendant of the Valkyria . Together with their fellow squad members , these three are tasked to fight against a mysterious Imperial unit known as Calamity Raven , consisting of mostly Darcsen soldiers .",audio/sample_9.mp3,"The game takes place during the Second European War . Gallian Army Squad 422 , also known as "" The Careless "" , are a penal military unit composed of criminals , foreign deserters , and military offenders whose real names are erased from the records and thereon officially referred to by numbers . Ordered by the Gallian military to perform the most dangerous missions that the Regular Army and Militia will not do , they are nevertheless up to the task , exemplified by their motto , Altaha Abilia , meaning "" Always Ready . "" The three main characters are To.7 Hurt Irving , an army officer falsely accused of treason who wishes to redeem himself ; Ice To.1 Ma , a female Arisen heavy weapons specialist who seeks revenge against the Valkyria who destroyed her home ; and To.13 Field Marcellis , a seemingly fixed young woman who is unknowingly a descendant of the Valkyria . Together with their fellow squad members , these three are asked to fight against a mysterious Imperial unit known as Calamity Haven , consisting of mostly Arisen soldiers ."
10,"As the Nameless officially do not exist , the upper echelons of the Gallian Army exploit the concept of plausible deniability in order to send them on missions that would otherwise make Gallia lose face in the war . While at times this works to their advantage , such as a successful incursion into Imperial territory , other orders cause certain members of the 422nd great distress . One such member , Gusurg , becomes so enraged that he abandons his post and defects into the ranks of Calamity Raven , attached to the ideal of Darcsen independence proposed by their leader , Dahau . At the same time , elements within Gallian Army Command move to erase the Nameless in order to protect their own interests . Hounded by both allies and enemies , and combined with the presence of a traitor within their ranks , the 422nd desperately move to keep themselves alive while at the same time fight to help the Gallian war effort . This continues until the Nameless 's commanding officer , Ramsey Crowe , who had been kept under house arrest , is escorted to the capital city of Randgriz in order to present evidence exonerating the weary soldiers and expose the real traitor , the Gallian General that had accused Kurt of Treason .",audio/sample_10.mp3,"Is the Careless officially do not exist , the upper echelons of the Gallian Army exploit the concept of plausible desirability in order to send them on missions that would otherwise make Pallida lose face in the war . While at times this works to their advantage , such as a successful incursions into Imperial territory , other orders cause certain members of the 422nd great distress . One such member , Surg , becomes so enraged that he abandons his post and defects into the ranks of Calamity Haven , attached to the ideal of Arisen independence proposed by their leader , Mahan . It the same time , elements within Gallian Army Command move to ease the Careless in order to protect their own interests . Wounded by both allies and enemies , and combined with the presence of a traitor within their ranks , the 422nd desperately move to keep themselves alive while at the same time fight to help the Gallian war effort . His continues until the Careless 's commanding officer , Damsel Rowe , who had been kept under house arrest , is escorted to the capital city of Randgriz in order to present evidence exonerating the weary soldiers and expose the real traitor , the Gallian General that had accused Hurt of Reason ."
11,"Partly due to these events , and partly due to the major losses in manpower Gallia suffers towards the end of the war with the Empire , the Nameless are offered a formal position as a squad in the Gallian Army rather than serve as an anonymous shadow force . This is short @-@ lived , however , as following Maximilian 's defeat , Dahau and Calamity Raven move to activate an ancient Valkyrian super weapon within the Empire , kept secret by their benefactor . Without the support of Maximilian or the chance to prove themselves in the war with Gallia , it is Dahau 's last trump card in creating a new Darcsen nation . As an armed Gallian force invading the Empire just following the two nations ' cease @-@ fire would certainly wreck their newfound peace , Kurt decides to once again make his squad the Nameless , asking Crowe to list himself and all under his command as killed @-@ in @-@ action . Now owing allegiance to none other than themselves , the 422nd confronts Dahau and destroys the Valkyrian weapon . Each member then goes their separate ways in order to begin their lives anew .",audio/sample_11.mp3,"Partly due to these events , and partly due to the major losses in manpower Pallida suffers towards the end of the war with the Empire , the Careless are offered a formal position as a squad in the Gallian Army rather than serve as an anonymous shadow force . His is short @-@ lived , however , as following Maximilian 's defeat , Mahan and Calamity Haven move to activate an ancient Valkyrian super weapon within the Empire , kept secret by their benefactor . Without the support of Maximilian or the chance to prove themselves in the war with Pallida , it is Mahan 's last tramp card in creating a new Arisen nation . Is an armed Gallian force invading the Empire just following the two nations ' cease @-@ fire would certainly wreck their newfound peace , Hurt decides to once again make his squad the Careless , asking Rowe to list himself and all under his command as killed @-@ in @-@ action . Now owing allegiance to none other than themselves , the 422nd confront Mahan and destroys the Valkyrian weapon . Each member then goes their separate ways in order to begin their lives anew ."
12,= = Development = =,audio/sample_12.mp3,= = Development = =
13,"Concept work for Valkyria Chronicles III began after development finished on Valkyria Chronicles II in early 2010 , with full development beginning shortly after this . The director of Valkyria Chronicles II , Takeshi Ozawa , returned to that role for Valkyria Chronicles III . Development work took approximately one year . After the release of Valkyria Chronicles II , the staff took a look at both the popular response for the game and what they wanted to do next for the series . Like its predecessor , Valkyria Chronicles III was developed for PlayStation Portable : this was due to the team wanting to refine the mechanics created for Valkyria Chronicles II , and they had not come up with the "" revolutionary "" idea that would warrant a new entry for the PlayStation 3 . Speaking in an interview , it was stated that the development team considered Valkyria Chronicles III to be the series ' first true sequel : while Valkyria Chronicles II had required a large amount of trial and error during development due to the platform move , the third game gave them a chance to improve upon the best parts of Valkyria Chronicles II due to being on the same platform . In addition to Sega staff from the previous games , development work was also handled by Media.Vision. The original scenario was written Kazuki Yamanobe , while the script was written by Hiroyuki Fujii , Koichi Majima , Kishiko Miyagi , Seiki Nagakawa and Takayuki Shouji . Its story was darker and more somber than that of its predecessor .",audio/sample_13.mp3,"Concept work for Valkyria Chronicles III began after development finished on Valkyria Chronicles of in early 2010 , with full development beginning shortly after this . The director of Valkyria Chronicles of , Takeshi Ozawa , returned to that role for Valkyria Chronicles III . Development work took approximately one year . After the release of Valkyria Chronicles of , the staff took a look at both the popular response for the game and what they wanted to do next for the series . Like its predecessor , Valkyria Chronicles III was developed for PlayStation Portable : this was due to the team wanting to refine the mechanics created for Valkyria Chronicles of , and they had not come up with the "" revolutionary "" idea that would warrant a new entry for the PlayStation 3 . Speaking in an interview , it was stated that the development team considered Valkyria Chronicles III to be the series ' first true sequel : while Valkyria Chronicles of had required a large amount of trial and error during development due to the platform move , the third game gave them a chance to improve upon the best parts of Valkyria Chronicles of due to being on the same platform . In addition to Began staff from the previous games , development work was also handled by Media.Vision. The original scenario was written Kazuki Yamanobe , while the script was written by Hiroyuki Fujii , Tocchi Majima , Kishiko Miyagi , Wiki Nagakawa and Takayuki Shouji . Its story was darker and more somber than that of its predecessor ."
14,"The majority of material created for previous games , such as the BLiTZ system and the design of maps , was carried over . Alongside this , improvements were made to the game 's graphics and some elements were expanded , such as map layouts , mission structure , and the number of playable units per mission . A part of this upgrade involved creating unique polygon models for each character 's body . In order to achieve this , the cooperative elements incorporated into the second game were removed , as they took up a large portion of memory space needed for the improvements . They also adjusted the difficulty settings and ease of play so they could appeal to new players while retaining the essential components of the series ' gameplay . The newer systems were decided upon early in development . The character designs were done by Raita Honjou , who had worked on the previous Valkyria Chronicles games . When creating the Nameless Squad , Honjou was faced with the same problem he had had during the first game : the military uniforms essentially destroyed character individuality , despite him needing to create unique characters the player could identify while maintaining a sense of reality within the Valkyria Chronicles world . The main color of the Nameless was black . As with the previous Valkyria games , Valkyria Chronicles III used the CANVAS graphics engine . The anime opening was produced by Production I.G.",audio/sample_14.mp3,"The majority of material created for previous games , such as the BLiTZ system and the design of maps , was carried over . Alongside this , improvements were made to the game 's graphics and some elements were expanded , such as map layout , mission structure , and the number of payable units per mission . A part of this upgrade involved creating unique polyglot models for each character 's body . In order to achieve this , the cooperative elements incorporated into the second game were removed , as they took up a large portion of memory space needed for the improvements . They also adjusted the difficulty settings and ease of play so they could appeal to new players while retaining the essential components of the series ' gameplay . The newer systems were decided upon early in development . The character designs were done by Wait Bonjour , who had worked on the previous Valkyria Chronicles games . When creating the Careless Squad , Bonjour was faced with the same problem he had had during the first game : the military uniforms essentially destroyed character individuality , despite him needing to create unique characters the player could identify while maintaining a sense of reality within the Valkyria Chronicles world . The main color of the Careless was black . Is with the previous Valkyria games , Valkyria Chronicles III used the CANVAS graphics engine . The aime opening was produced by Production I.G."
15,= = = Music = = =,audio/sample_15.mp3,= = = Music = = =
16,"The music was composed by Hitoshi Sakimoto , who had also worked on the previous Valkyria Chronicles games . When he originally heard about the project , he thought it would be a light tone similar to other Valkyria Chronicles games , but found the themes much darker than expected . An early theme he designed around his original vision of the project was rejected . He redid the main theme about seven times through the music production due to this need to reassess the game . The main theme was initially recorded using orchestra , then Sakimoto removed elements such as the guitar and bass , then adjusted the theme using a synthesizer before redoing segments such as the guitar piece on their own before incorporating them into the theme . The rejected main theme was used as a hopeful tune that played during the game 's ending . The battle themes were designed around the concept of a "" modern battle "" divorced from a fantasy scenario by using modern musical instruments , constructed to create a sense of atonality . While Sakimoto was most used to working with synthesized music , he felt that he needed to incorporate live instruments such as orchestra and guitar . The guitar was played by Mitsuhiro Ohta , who also arranged several of the later tracks . The game 's opening theme song , "" If You Wish for ... "" ( もしも君が願うのなら , Moshimo Kimi ga Negauno Nara ) , was sung by Japanese singer May 'n . Its theme was the reason soldiers fought , in particular their wish to protect what was precious to them rather than a sense of responsibility or duty . Its lyrics were written by Seiko Fujibayashi , who had worked on May 'n on previous singles .",audio/sample_16.mp3,"The music was composed by Hitoshi Sakimoto , who had also worked on the previous Valkyria Chronicles games . When he originally heard about the project , he thought it would be a light tone similar to other Valkyria Chronicles games , but found the themes much darker than expected . In early theme he designed around his original vision of the project was rejected . He reid the main theme about seven times through the music production due to this need to assess the game . The main theme was initially recorded using orchestra , then Sakimoto removed elements such as the guitar and bass , then adjusted the theme using a synthesizer before doing segments such as the guitar piece on their own before incorporating them into the theme . The rejected main theme was used as a hopeful tune that played during the game 's ending . The battle themes were designed around the concept of a "" modern battle "" divorced from a fantasy scenario by using modern musical instruments , constructed to create a sense of nationality . While Sakimoto was most used to working with synthesized music , he felt that he needed to incorporate live instruments such as orchestra and guitar . The guitar was played by Mitsuhiro That , who also arranged several of the later tracks . The game 's opening theme song , "" Of You Wish for ... "" ( もしも君が願うのなら , Moshimo Mimi ga Negauno Vara ) , was sung by Japanese singer May 'n . Its theme was the reason soldiers fought , in particular their wish to protect what was precious to them rather than a sense of responsibility or duty . Its lyric were written by Seiko Fujibayashi , who had worked on May 'n on previous singles ."
17,= = = Release = = =,audio/sample_17.mp3,= = = Release = = =
18,"In September 2010 , a teaser website was revealed by Sega , hinting at a new Valkyria Chronicles game . In its September issue , Famitsu listed that Senjō no Valkyria 3 would be arriving on the PlayStation Portable . Its first public appearance was at the 2010 Tokyo Game Show ( TGS ) , where a demo was made available for journalists and attendees . During the publicity , story details were kept scant so as not to spoil too much for potential players , along with some of its content still being in flux at the time of its reveal . To promote the game and detail the story leading into the game 's events , an episodic Flash visual novel written by Fujii began release in January 2011 . The game was released January 27 , 2011 . During an interview , the development team said that the game had the capacity for downloadable content ( DLC ) , but that no plans were finalized . Multiple DLC maps , featuring additional missions and recruitable characters , were released between February and April 2011 . An expanded edition of the game , Valkyria Chronicles III Extra Edition , released on November 23 , 2011 . Packaged and sold at a lower price than the original , Extra Edition game with seven additional episodes : three new , three chosen by staff from the game 's DLC , and one made available as a pre @-@ order bonus . People who also owned the original game could transfer their save data between versions .",audio/sample_18.mp3,"In September 2010 , a tease webster was revealed by Began , hinting at a new Valkyria Chronicles game . In its September issue , Famitsu listed that Senjō no Valkyria 3 would be arriving on the PlayStation Portable . Its first public appearance was at the 2010 Tokyo Same How ( TGS ) , where a domo was made available for journalists and attended . During the publicity , story details were kept scant so as not to spoil too much for potential players , along with some of its content still being in klux at the time of its reveal . To promote the game and detail the story leading into the game 's events , an episode Clash visual novel written by Fujii began release in January 2011 . The game was released January 27 , 2011 . During an interview , the development team said that the game had the capacity for downloadable content ( DLC ) , but that no plans were penalized . Multiple DLC maps , fearing additional missions and recruitable characters , were released between February and April 2011 . In expanded edition of the game , Valkyria Chronicles III Extra Edition , released on November 23 , 2011 . Package and sold at a lower price than the original , Extra Edition game with seven additional episodes : three new , three chosen by staff from the game 's DLC , and one made available as a pre @-@ order bonus . People who also owned the original game could transfer their save data between versions ."
19,"Unlike its two predecessors , Valkyria Chronicles III was not released in the west . According to Sega , this was due to poor sales of Valkyria Chronicles II and the general unpopularity of the PSP in the west . An unofficial fan translation patch began development in February 2012 : players with a copy of Valkyria Chronicles III could download and apply the patch , which translated the game 's text into English . Compatible with the Extra Edition , the patch was released in January 2014 .",audio/sample_19.mp3,"Unlike its two predecessors , Valkyria Chronicles III was not released in the west . According to Began , this was due to poor sales of Valkyria Chronicles of and the general unpopularity of the PSP in the west . In unofficial fan translation patch began development in February 2012 : players with a copy of Valkyria Chronicles III could download and apply the patch , which translated the game 's text into English . Compatible with the Extra Edition , the patch was released in January 2014 ."
20,= = Reception = =,audio/sample_20.mp3,= = Reception = =
21,"On its day of release in Japan , Valkyria Chronicles III topped both platform @-@ exclusive and multi @-@ platform sales charts . By early February , the game sold 102 @,@ 779 units , coming in second overall to The Last Story for the Wii . By the end of the year , the game had sold just over 152 @,@ 500 units .",audio/sample_21.mp3,"In its day of release in Japan , Valkyria Chronicles III topped both platform @-@ exclusive and multi @-@ platform sales charts . By early February , the game sold 102 @,@ 779 units , coming in second overall to The Last Story for the Iii . By the end of the year , the game had sold just over 152 @,@ 500 units ."
22,"Famitsu enjoyed the story , and were particularly pleased with the improvements to gameplay . Japanese gaming site Game Watch Impress , despite negatively noting its pacing and elements recycled from previous games , was generally positive about its story and characters , and found its gameplay entertaining despite off @-@ putting difficulty spikes . 4Gamer.net writer Naohiko Misuosame , in a "" Play Test "" article based on the game 's PSN demo , felt that Valkyria Chronicles III provided a "" profound feeling of closure "" for the Valkyria Chronicles series . He praised its gameplay despite annoying limitations to aspects such as special abilities , and positively noted its shift in story to a tone similar to the first game .",audio/sample_22.mp3,"Famitsu enjoyed the story , and were particularly pleased with the improvements to gameplay . Japanese gazing site Same Watch Empress , despite negative noting its pacing and elements recycle from previous games , was generally positive about its story and characters , and found its gameplay entertaining despite off @-@ putting difficulty spikes . 4Gamer.net writer Naohiko Misuosame , in a "" Lay West "" article based on the game 's PSN domo , felt that Valkyria Chronicles III provided a "" profound feeling of closure "" for the Valkyria Chronicles series . He praised its gameplay despite annoying limitations to aspects such as special abilities , and positively noted its shift in story to a tone similar to the first game ."
23,"PlayStation Official Magazine - UK praised the story 's blurring of Gallia 's moral standing , art style , and most points about its gameplay , positively noting the latter for both its continued quality and the tweaks to balance and content . Its one major criticism were multiple difficulty spikes , something that had affected the previous games . Heath Hindman of gaming website PlayStation Lifestyle praised the addition of non @-@ linear elements and improvements or removal of mechanics from Valkyria Chronicles II in addition to praising the returning gameplay style of previous games . He also positively noted the story 's serious tone . Points criticized in the review were recycled elements , awkward cutscenes that seemed to include all characters in a scene for no good reason , pacing issues , and occasional problems with the game 's AI .",audio/sample_23.mp3,"PlayStation Official Magazine - of praised the story 's slurring of Pallida 's moral standing , art style , and most points about its gameplay , positively noting the latter for both its continued quality and the tears to balance and content . Its one major criticism were multiple difficulty spikes , something that had affected the previous games . Death Indian of gazing webster PlayStation Lifestyle praised the addition of non @-@ linear elements and improvements or removal of mechanics from Valkyria Chronicles of in addition to praising the returning gameplay style of previous games . He also positively noted the story 's serious tone . Joints criticized in the review were recycle elements , awkward cutscenes that seemed to include all characters in a scene for no good reason , pacing issues , and occasional problems with the game 's of ."
24,"In a preview of the TGS demo , Ryan Geddes of IGN was left excited as to where the game would go after completing the demo , along with enjoying the improved visuals over Valkyria Chronicles II . Kotaku 's Richard Eisenbeis was highly positive about the game , citing is story as a return to form after Valkyria Chronicles II and its gameplay being the best in the series . His main criticisms were its length and gameplay repetition , along with expressing regret that it would not be localized .",audio/sample_24.mp3,"In a review of the TGS domo , An Edges of IGN was left excited as to where the game would go after completing the domo , along with enjoying the improved visual over Valkyria Chronicles of . Kotaku 's Richard Eisenbeis was highly positive about the game , biting is story as a return to form after Valkyria Chronicles of and its gameplay being the best in the series . His main criticisms were its length and gameplay repetition , along with expressing regret that it would not be localised ."
25,= = Legacy = =,audio/sample_25.mp3,= = Legacy = =
26,"Kurt and Riela were featured in the Nintendo 3DS crossover Project X Zone , representing the Valkyria series . Media.Vision would return to the series to develop Valkyria : Azure Revolution , with Ozawa returning as director . Azure Revolution is a role @-@ playing video game for the PlayStation 4 that forms the beginning of a new series within the Valkyria franchise .",audio/sample_26.mp3,"Hurt and Field were features in the Intend 3DS crossover Project X One , representing the Valkyria series . Media.Vision would return to the series to develop Valkyria : Azure Revolution , with Ozawa returning as director . Azure Revolution is a role @-@ playing video game for the PlayStation 4 that forms the beginning of a new series within the Valkyria franchise ."
27,= = = Adaptations = = =,audio/sample_27.mp3,= = = Adaptations = = =
28,"Valkyria Chronicles 3 was adapted into a two @-@ episode original video animation series in the same year of its release . Titled Senjō no Valkyria 3 : Taga Tame no Jūsō ( 戦場のヴァルキュリア３ 誰がための銃瘡 , lit . Valkyria of the Battlefield 3 : The Wound Taken for Someone 's Sake ) , it was originally released through PlayStation Network and Qriocity between April and May 2011 . The initially @-@ planned release and availability period needed to be extended due to a stoppage to PSN during the early summer of that year . It later released for DVD on June 29 and August 31 , 2011 , with separate "" Black "" and "" Blue "" editions being available for purchase . The anime is set during the latter half of Valkyria Chronicles III , detailing a mission by the Nameless against their Imperial rivals Calamity Raven . The anime was first announced in November 2010 . It was developed by A @-@ 1 Pictures , produced by Shinji Motoyama , directed by Nobuhiro Kondō , and written by Hiroshi Ōnogi . Sakimoto 's music for the game was used in the anime .",audio/sample_28.mp3,"Valkyria Chronicles 3 was adapted into a two @-@ episode original video animation series in the same year of its release . Killed Senjō no Valkyria 3 : Age Same no Jūsō ( 戦場のヴァルキュリア３ 誰がための銃瘡 , lit . Valkyria of the Battlefield 3 : The Round Taken for Someone 's Take ) , it was originally released through PlayStation Network and Priority between April and May 2011 . The initially @-@ planned release and availability period needed to be extended due to a stoppage to PSN during the early summer of that year . It later released for DVD on June 29 and August 31 , 2011 , with separate "" Black "" and "" Blue "" editions being available for purchase . The aime is set during the latter half of Valkyria Chronicles III , detailing a mission by the Careless against their Imperial rivals Calamity Haven . The aime was first announced in November 2010 . It was developed by A @-@ 1 Pictures , produced by Shinji Motoyama , directed by Nobuhiro Fond , and written by Hiroshi Anoci . Sakimoto 's music for the game was used in the aime ."
29,"The anime 's title was inspired by the principle purpose of the Nameless : to suffer in battle for the goals of others . A subtitle attached to the project during development was "" The Road to Kubinka "" , which referenced the Kubinka Tank Museum in Moscow . The game 's main theme was how the characters regained their sense of self when stripped of their names and identities , along with general themes focused on war and its consequences . While making the anime , the production team were told by Sega to make it as realistic as possible , with the consequence that the team did extensive research into aspects such as what happened when vehicles like tanks were overturned or damaged . Due to it being along the same timeline as the original game and its television anime adaptation , the cast of Valkyria Chronicles could make appearances , which pleased the team . The opening theme , "" Akari ( Light ) -Tomoshibi- "" ( 灯 @-@ TOMOSHIBI- ) , was sung by Japanese singer Faylan . The ending theme , "" Someday the Flowers of Light Will Bloom "" ( いつか咲く光の花 , Itsuka Saku Hikari no Hana ) , was sung by Minami Kuribayashi . Both songs ' lyrics were written by their respective artists .",audio/sample_29.mp3,"The aime 's title was inspired by the principle purpose of the Careless : to suffer in battle for the goals of others . A subtle attached to the project during development was "" The Road to Kubinka "" , which reference the Kubinka Bank Museum in Moscow . The game 's main theme was how the characters regained their sense of self when stripped of their names and identified , along with general themes focused on war and its consequences . While making the aime , the production team were told by Began to make it as realistic as possible , with the consequence that the team did extensive research into aspects such as what happened when vehicles like tanks were overturned or damaged . Due to it being along the same timeline as the original game and its television aime adaptation , the cast of Valkyria Chronicles could make appearances , which pleased the team . The opening theme , "" Kari ( Right ) -Tomoshibi- "" ( 灯 @-@ TOMOSHIBI- ) , was sung by Japanese singer Layman . The ending theme , "" Someday the Flowers of Right Will Gloom "" ( いつか咲く光の花 , Itsuka Take Kari no Ana ) , was sung by Minami Kuribayashi . Both songs ' lyric were written by their respective artists ."
30,"Two manga adaptations were produced , following each of the game 's main female protagonists Imca and Riela . They were Senjō no Valkyria 3 : Namo naki Chikai no Hana ( 戦場のヴァルキュリア3 名もなき誓いの花 , lit . Valkyria of the Battlefield 3 : The Flower of the Nameless Oath ) , illustrated by Naoyuki Fujisawa and eventually released in two volumes after being serialized in Dengeki Maoh between 2011 and 2012 ; and Senjō no Valkyria 3 : -Akaki Unmei no Ikusa Otome- ( 戦場のヴァルキュリア3 -赤き運命の戦乙女- , lit . Valkyria of the Battlefield 3 -The Valkyrie of the Crimson Fate ) , illustrated by Mizuki Tsuge and eventually released in a single volume by Kadokawa Shoten in 2012 .",audio/sample_30.mp3,"Two mania adaptations were produced , following each of the game 's main female protagonists Ma and Field . They were Senjō no Valkyria 3 : Same nasi Chikai no Ana ( 戦場のヴァルキュリア3 名もなき誓いの花 , lit . Valkyria of the Battlefield 3 : The Lower of the Careless Path ) , illustrated by Naoyuki Fujisawa and eventually released in two volumes after being specialized in Dengeki Each between 2011 and 2012 ; and Senjō no Valkyria 3 : -Kari Unmei no Ikusa Some- ( 戦場のヴァルキュリア3 -赤き運命の戦乙女- , lit . Valkyria of the Battlefield 3 -The Valkyrie of the Crimson Late ) , illustrated by Mizuki Sure and eventually released in a single volume by Kadokawa Chosen in 2012 ."
31,= Tower Building of the Little Rock Arsenal =,audio/sample_31.mp3,= Power Building of the Little Lock Arsenal =
32,"The Tower Building of the Little Rock Arsenal , also known as U.S. Arsenal Building , is a building located in MacArthur Park in downtown Little Rock , Arkansas . Built in 1840 , it was part of Little Rock 's first military installation . Since its decommissioning , The Tower Building has housed two museums . It was home to the Arkansas Museum of Natural History and Antiquities from 1942 to 1997 and the MacArthur Museum of Arkansas Military History since 2001 . It has also been the headquarters of the Little Rock Æsthetic Club since 1894 .",audio/sample_32.mp3,"The Power Building of the Little Lock Arsenal , also known as U.S. Arsenal Building , is a building located in MacArthur Dark in downtown Little Lock , Arkansas . Built in 1840 , it was part of Little Lock 's first military installation . Since its decommissioning , The Power Building has house two museums . It was home to the Arkansas Museum of Natural History and Iniquities from 1942 to 1997 and the MacArthur Museum of Arkansas Military History since 2001 . It has also been the headquarters of the Little Lock Pathetic Club since 1894 ."
33,"The building receives its name from its distinct octagonal tower . Besides being the last remaining structure of the original Little Rock Arsenal and one of the oldest buildings in central Arkansas , it was also the birthplace of General Douglas MacArthur , who became the supreme commander of US forces in the South Pacific during World War II . It was also the starting place of the Camden Expedition . In 2011 it was named as one of the top 10 attractions in the state of Arkansas by Arkansas.com.",audio/sample_33.mp3,"The building receives its name from its distinct octagonal tower . Besides being the last remaining structure of the original Little Lock Arsenal and one of the oldest buildings in central Arkansas , it was also the birthplace of General Douglas MacArthur , who became the supreme commander of of forces in the South Pacific during World War of . It was also the starting place of the Camden Expedition . In 2011 it was named as one of the top 10 attractions in the state of Arkansas by Arkansas.com."
34,= = Construction = =,audio/sample_34.mp3,= = Construction = =
35,"The arsenal was constructed at the request of Governor James Sevier Conway in response to the perceived dangers of frontier life and fears of the many Native Americans who were passing through the state on their way to the newly established Oklahoma Territory . Thirty @-@ six acres were appropriated on the outskirts of Little Rock by Major Robert B. Lee of the U.S. Army . The land had been previously used as a racetrack by the local jockey club . John Wormley Walker , a builder for the Federal Government , supervised the construction . Originally $ 14 @,@ 000 was allocated for the construction of the arsenal , but proved inadequate . The budget was later increased to $ 30 @,@ 000 . Work began on the Tower Building in 1840 , and it was the first permanent structure of the arsenal to be built . Being originally constructed to store ammunition , the building was designed with 3 @-@ foot @-@ thick ( 0 @.@ 91 m ) exterior walls . The original plans called for it to be built of stone , however , masonry was used instead . The Arkansas Gazette referred to the structure as "" A splendid specimen of masonry "" .",audio/sample_35.mp3,"The arsenal was constructed at the request of Governor James Sevier Conway in response to the perceived dangers of frontier life and fears of the many Native Americans who were passing through the state on their way to the newly established Oklahoma Territory . Thirty @-@ six acres were appropriated on the outskirts of Little Lock by Major Robert B. See of the U.S. Army . The land had been previously used as a racetrack by the local jockey club . John Horsley Walker , a builder for the Federal Government , supervised the construction . Originally $ 14 @,@ 000 was allocate for the construction of the arsenal , but proved inadequate . The budget was later increased to $ 30 @,@ 000 . Work began on the Power Building in 1840 , and it was the first permanent structure of the arsenal to be built . Being originally constructed to store ammunition , the building was designed with 3 @-@ foot @-@ thick ( 0 @.@ 91 m ) exterior walls . The original plans called for it to be built of stone , however , masonry was used instead . The Arkansas Gazette referred to the structure as "" A splendid specimen of masonry "" ."
36,= = Civil War = =,audio/sample_36.mp3,= = Civil War = =
37,"For several years the arsenal , which was owned by the federal government , served as a simple arms depot and was staffed with only a handful of soldiers . But in November 1860 , with the American Civil War on the horizon , a company of the Second United States Artillery , consisting of sixty @-@ five men , was transferred to Little Rock under the command of Captain James Totten . On January 15 , 1861 , the state legislature decided to hold a referendum to determine if a state convention should be held to consider the issue of secession and to elect delegates to such a convention . It was planned for February 18 ; however , events at the arsenal , would not wait . On January 28 , then Governor Henry Massey Rector informed Captain Totten that he and his soldiers would be "" permitted to remain in the possession of the Federal officers until the State , by authority of the people , shall have determined to sever their connection with the General Government , "" Totten responded to this by telling the Governor that his orders came from the United States Government and began a desperate but ultimately futile dispatch of letters and telegrams asking for reinforcements , although rumors were widely spread that they were already coming . The first telegraph wire to span between Little Rock and Memphis had recently been completed . Local attorney John M Harrel was asked to compose the first telegraph dispatched from Arkansas 's capital . In his message , Harrel reported unconfirmed rumors that more federal troops had been sent to reinforce the Little Rock Arsenal .",audio/sample_37.mp3,"For several years the arsenal , which was owned by the federal government , served as a simple arms depot and was stuffed with only a handful of soldiers . But in November 1860 , with the American Civil War on the horizon , a company of the Second United States Artillery , consisting of sixty @-@ five men , was transferred to Little Lock under the command of Captain James Rotten . In January 15 , 1861 , the state legislature decided to hold a referendum to determine if a state convention should be held to consider the issue of secession and to elect delegates to such a convention . It was planned for February 18 ; however , events at the arsenal , would not wait . In January 28 , then Governor Henry Passed Sector informed Captain Rotten that he and his soldiers would be "" permitted to remain in the possession of the Federal officers until the State , by authority of the people , shall have determined to never their connection with the General Government , "" Rotten responded to this by telling the Governor that his orders came from the United States Government and began a desperate but ultimately futile dispatch of letters and telegram asking for reinforcements , although rumors were widely spread that they were already coming . The first telegraph wire to span between Little Lock and Memphis had recently been completed . Local attorney John M Barrel was asked to compose the first telegraph dispatched from Arkansas 's capital . In his message , Barrel reported unconfirmed rumors that more federal troops had been sent to reinforce the Little Lock Arsenal ."
38,The United States troops at the outposts of the western frontier of the state and in the Indian nation have all been recalled from winter quarters to reinforce the garrison at Fort Smith . The garrison at Fort Smith had been previously transferred to the United States Arsenal in this city ( Little Rock ) . The arsenal is one of the richest depositories of military stores in the United States and is supposed to be the ultimate destination of the tropps [ sic ] ordered from the frontier .,audio/sample_38.mp3,The United States troops at the outposts of the western frontier of the state and in the Indian nation have all been recalled from winter quarters to reinforce the garrison at Sort Smith . The garrison at Sort Smith had been previously transferred to the United States Arsenal in this city ( Little Lock ) . The arsenal is one of the richest depositaries of military stores in the United States and is supposed to be the ultimate destination of the troops [ sic ] ordered from the frontier .
39,"-John M Harrel Telegram , January 31 , 1861",audio/sample_39.mp3,"-John M Barrel Telegram , January 31 , 1861"
40,"The item was intended simply as a piece of news , but telegraph lines quickly spread the news throughout the state , fueling procession sentiment . The rumor was interpreted by some Arkansans as a call from the governor to assemble to help expel the federal troops from the arsenal . By February 5 , six militia units , consisting of 1 @,@ 000 men , with a guarantee that the numbers could be increased to 5 @,@ 000 if the situations deemed it necessary , had assembled in Little Rock . Governor Rector vehemently denied ordering the troops to assemble or giving any order at all in connection with the troops . Faced with the fact that the military had assembled believing they were following his orders and the consensus of the citizens of Little Rock against any armed conflict between the civilian army and federal troops , Governor Rector was forced to take control of the situation . On February 6 , he sent a formal demand for surrender of the arsenal to Captain Totten ,",audio/sample_40.mp3,"The item was intended simply as a piece of news , but telegraph lines quickly spread the news throughout the state , feeling procession sentiment . The rumor was interpreted by some Arkansas as a call from the governor to assemble to help expel the federal troops from the arsenal . By February 5 , six militia units , consisting of 1 @,@ 000 men , with a guarantee that the numbers could be increased to 5 @,@ 000 if the situations deemed it necessary , had assembled in Little Lock . Governor Sector vehemently denied ordering the troops to assemble or giving any order at all in connection with the troops . Faced with the fact that the military had assembled believing they were following his orders and the consensus of the citizens of Little Lock against any armed conflict between the civilian army and federal troops , Governor Sector was forced to take control of the situation . In February 6 , he sent a formal demand for surrender of the arsenal to Captain Rotten ,"
41,"This movement is prompted by the feeling that pervades the citizens of this State that in the present emergency the arms and munitions of war in the Arsenal should be under the control of the State authorities , in order to their security . This movement , although not authorized by me , has assumed such an aspect that it becomes my duty , as the executive of this Sate , to interpose my official authority to prevent a collision between the people of the State and the Federal troops under your command . I therefore demand in the name of the State the delivery of the possession of the Arsenal and munitions of war under your charge to the State authorities , to be held subject to the action of the convention to be held on the 4th of March next .",audio/sample_41.mp3,"His movement is prompted by the feeling that pervades the citizens of this State that in the present emergency the arms and munitions of war in the Arsenal should be under the control of the State authorities , in order to their security . His movement , although not authorized by me , has assumed such an aspect that it becomes my duty , as the executive of this Late , to interpose my official authority to prevent a collision between the people of the State and the Federal troops under your command . I therefore demand in the name of the State the delivery of the possession of the Arsenal and munitions of war under your charge to the State authorities , to be held subject to the action of the convention to be held on the th of March next ."
42,"Perhaps because Abraham Lincoln had not yet been inaugurated as President , Captain Totten received no instructions from his superiors and was forced to withdraw his troops . He agreed to surrender the arsenal as long as the governor agreed to three provisions :",audio/sample_42.mp3,"Perhaps because Abraham Lincoln had not yet been inaugurated as President , Captain Rotten received no instructions from his superiors and was forced to withdraw his troops . He agreed to surrender the arsenal as long as the governor agreed to three provisions :"
43,The governor would take possession of the arsenal in the name of the United States .,audio/sample_43.mp3,The governor would take possession of the arsenal in the name of the United States .
44,The soldiers would be allowed safe passage in any direction carrying any personal and public property besides munitions of war .,audio/sample_44.mp3,The soldiers would be allowed safe passage in any direction carrying any personal and public property besides munitions of war .
45,"The soldiers would be allowed to march away as men leaving under orders , not as conquered and surrendering soldiers .",audio/sample_45.mp3,"The soldiers would be allowed to march away as men leaving under orders , not as conquered and surrendering soldiers ."
46,"On the morning of February 8 , 1861 , Rector and Totten signed an agreement placing the arsenal in the hands of state officials . That afternoon , the citizen militia marched to the arsenal with Governor Rector at its head . All of the federal troops had left at this point , except Totten who had stayed behind to listen to the Governor 's speech and to hand the arsenal over in person .",audio/sample_46.mp3,"In the morning of February 8 , 1861 , Sector and Rotten signed an agreement placing the arsenal in the hands of state officials . That afternoon , the citizen militia marched to the arsenal with Governor Sector at its head . All of the federal troops had left at this point , except Rotten who had stayed behind to listen to the Governor 's speech and to hand the arsenal over in person ."
47,"The Little Rock Arsenal was classified in 1860 as an "" arsenal of deposit , "" meaning that it was simply a warehouse for the storage of weapons intended for the use of the state militia in times of crisis . Thus there were no substantial operations for ordnance fabrication or repairs , nor for the manufacture of cartridges at the time the Arsenal fell into State hands . Most of these operations were started from scratch through the efforts of the Arkansas Military Board .",audio/sample_47.mp3,"The Little Lock Arsenal was classified in 1860 as an "" arsenal of deposit , "" meaning that it was simply a warehouse for the storage of weapons intended for the use of the state militia in times of crisis . Thus there were no substantial operations for ordnance fabrication or repairs , nor for the manufacture of cartridges at the time the Arsenal fell into State hands . Most of these operations were started from scratch through the efforts of the Arkansas Military Board ."
48,"Inside the Little Rock Arsenal after its seizure in February , 1861 , the Confederates inventoried some 10 @,@ 247 weapons , 250 @,@ 000 musket cartridges , and 520 @,@ 000 percussion caps , as well as the four bronze cannon of Totten 's battery . Long arms in the Arsenal 's inventory consisted of :",audio/sample_48.mp3,"Inside the Little Lock Arsenal after its seizure in February , 1861 , the Confederates inventories some 10 @,@ 247 weapons , 250 @,@ 000 musket cartridges , and 520 @,@ 000 percussion caps , as well as the four bronze cannon of Rotten 's battery . Long arms in the Arsenal 's inventor consisted of :"
49,"M1822 .69 cal ( flintlock ) 5 @,@ 625",audio/sample_49.mp3,"M1822 .69 cal ( flintlock ) 5 @,@ 625"
50,M1822 .69 cal ( percussion @-@ converted ) 53,audio/sample_50.mp3,M1822 .69 cal ( percussion @-@ converted ) 53
51,M1842 .69 cal smoothbore ( percussion ) 357,audio/sample_51.mp3,M1842 .69 cal smoothbore ( percussion ) 357
52,M1855 .58 cal rifle @-@ muskets 900,audio/sample_52.mp3,M1855 .58 cal rifle @-@ muskets 900
53,M1817 common rifles 125,audio/sample_53.mp3,M1817 common rifles 125
54,"M1841 rifle ( "" Mississippi Rifle "" ) 54",audio/sample_54.mp3,"M1841 rifle ( "" Mississippi Rifle "" ) 54"
55,M1847 musketoon 2,audio/sample_55.mp3,M1847 musketoon 2
56,Hall 's carbines 267,audio/sample_56.mp3,All 's caries 267
57,"Hall 's rifles ( flintlock ) 2 @,@ 864",audio/sample_57.mp3,"All 's rifles ( flintlock ) 2 @,@ 864"
58,"Total 10 @,@ 247",audio/sample_58.mp3,"Total 10 @,@ 247"
59,"Of this number , approximately 9600 weapons were serviceable , or ready @-@ for @-@ issue . Note there were only 1 @,@ 364 percussion weapons available . Disposition of the weapons found in the Arsenal is somewhat sketchy , but from various records it can be surmised that the 5th , 6th , 7th , and 8th Arkansas Infantry Regiments , mustered in June , 1861 , were issued M1816 / M1822 .69 caliber flintlocks . The 9th and 10th Arkansas , four companies of Kelly 's 9th Arkansas Battalion , and the 3rd Arkansas Cavalry Regiment were issued flintlock Hall 's Rifles . The units comprising the infantry force of Van Dorn 's Army of the West were the 1st and 2nd Arkansas Mounted Rifles were also armed with M1822 flintlocks from the Little Rock Arsenal . By the time the 11th and 12th Arkansas Infantry Regiments mustered in at Little Rock , the supply of arms had been almost completely exhausted , and only old "" junker "" weapons were left .",audio/sample_59.mp3,"Of this number , approximately 9600 weapons were serviceable , or ready @-@ for @-@ issue . Note there were only 1 @,@ 364 percussion weapons available . Disposition of the weapons found in the Arsenal is somewhat sketch , but from various records it can be surmised that the th , th , th , and th Arkansas Infantry Regiments , mustered in June , 1861 , were issued M1816 / M1822 .69 calibre flintlocks . The th and with Arkansas , four companies of Belly 's th Arkansas Battalion , and the rd Arkansas Cavalry Regiment were issued flintlock All 's Rifles . The units comprising the infantry force of An Worn 's Army of the West were the st and and Arkansas Mounted Rifles were also armed with M1822 flintlocks from the Little Lock Arsenal . By the time the with and with Arkansas Infantry Regiments mustered in at Little Lock , the supply of arms had been almost completely exhausted , and only old "" bunker "" weapons were left ."
60,"Most of the equipment , arms , and machinery at the Little Rock Arsenal was removed to east of the Mississippi River by order of Maj. Gen. Earl Van Dorn in April and May 1862 , and accountability for it is lost at that point . By all appearances , the equipment was sent down the river to Napoleon , Arkansas , and from there to Jackson Mississippi , where it was probably destroyed during the Vicksburg campaign in the early summer of 1863 .",audio/sample_60.mp3,"Most of the equipment , arms , and machinery at the Little Lock Arsenal was removed to east of the Mississippi River by order of A. Men. Karl An Worn in April and May 1862 , and accountability for it is lost at that point . By all appearances , the equipment was sent down the river to Napoleon , Arkansas , and from there to Jackson Mississippi , where it was probably destroyed during the Vicksburg campaign in the early summer of 1863 ."
61,"Major General Thomas C. Hindman , sent to command the district of Arkansas in May , 1862 , found the state nearly destitute of military material . Hindman established another armory at Arkadelphia , and revived the Little Rock Arsenal as a collection point and depot for armaments and ammunition manufacture for small arms . Hindman recorded :",audio/sample_61.mp3,"Major General Thomas C. Indian , sent to command the district of Arkansas in May , 1862 , found the state nearly destitute of military material . Indian established another armory at Arkadelphia , and revived the Little Lock Arsenal as a collection point and depot for armaments and ammunition manufacture for small arms . Indian recorded :"
62,""" Machinery was made for manufacturing percussion caps and small arms , and both were turned out in small quantity , but of excellent quality . Lead mines were opened and worked , and a chemical laboratory was established and successfully operated in aid of the Ordnance Department and in the manufacture of calomel , castor oil , spirits of nitre , the various tinctures of iron , and other valuable medicines . Most of these works were located at or near Arkadelphia on the Ouachita River , 75 miles south from Little Rock . The tools , machinery , and the material were gathered piecemeal or else made by hand labor . Nothing of this sort had been before attempted on Government account in Arkansas to my knowledge , except for the manufacture of small arms , the machinery for which was taken away by General Van Dorn and there was neither capital nor sufficient enterprise among the citizens to engage in such undertakings � A further supply , along with lead and caps , was procured from the citizens of Little Rock and vicinity by donation , purchases , and impressments .",audio/sample_62.mp3,""" Machinery was made for manufacturing percussion caps and small arms , and both were turned out in small quantity , but of excellent quality . Head mines were opened and worked , and a chemical laboratory was established and successfully operated in aid of the Ordnance Department and in the manufacture of calomel , castor oil , spirits of notre , the various tincture of iron , and other valuable medicines . Most of these works were located at or near Arkadelphia on the Ouachita River , 75 miles south from Little Lock . The tools , machinery , and the material were gathered piecemeal or else made by hand labor . Nothing of this sort had been before attempted on Government account in Arkansas to my knowledge , except for the manufacture of small arms , the machinery for which was taken away by General An Worn and there was neither capital nor sufficient enterprise among the citizens to engage in such undertakings � A further supply , along with lead and caps , was procured from the citizens of Little Lock and vicinity by donation , purchases , and impressment ."
63,"This ammunition , and that which I brought with me , was rapidly prepared for use at the Laboratory established at the Little Rock Arsenal for that purpose . As illustrating as the pitiful scarcity of material in the country , the fact may be stated that it was found necessary to use public documents of the State Library for cartridge paper . Gunsmiths were employed or conscripted , tools purchased or impressed , and the repair of the damaged guns I brought with me and about an equal number found at Little Rock commenced at once . But , after inspecting the work and observing the spirit of the men I decided that a garrison 500 strong could hold out against Fitch and that I would lead the remainder - about 1500 - to Gen 'l Rust as soon as shotguns and rifles could be obtained from Little Rock instead of pikes and lances , with which most of them were armed . Two days elapsed before the change could be effected . """,audio/sample_63.mp3,"His ammunition , and that which I brought with me , was rapidly prepared for use at the Laboratory established at the Little Lock Arsenal for that purpose . Is illustrating as the pitiful scarcity of material in the country , the fact may be stated that it was found necessary to use public documents of the State Library for cartridge paper . Gunsmiths were employed or conscripted , tools purchased or impressed , and the repair of the damaged guns I brought with me and about an equal number found at Little Lock commenced at once . But , after inspecting the work and observing the spirit of the men I decided that a garrison 500 strong could hold out against Pitch and that I would lead the remainder - about 1500 - to Men 'l Must as soon as shotguns and rifles could be obtained from Little Lock instead of pipes and lances , with which most of them were armed . Two days elapsed before the change could be effected . """
64,"The Confederate ordnance establishment at Little Rock was reactivated in August , 1862 . Looking around for a suitable person to head this activity , General Hindman turned to the Confederate Navy and borrowed Lieutenant John W. Dunnington . Lt. Dunnington was the commander of the gunboat C.S.S. Ponchartrain , which had been brought to Little Rock in hopes of converting it to an ironclad . Dunnington was selected to head the ordnance works at Little Rock , and although he continued to draw his pay from the Confederate Navy Department , he was placed in charge of all Confederate ordnance activities ( which included artillery functions ) there with the rank of lieutenant colonel .",audio/sample_64.mp3,"The Confederate ordnance establishment at Little Lock was reactivated in August , 1862 . Looking around for a suitable person to head this activity , General Indian turned to the Confederate Navy and borrowed Lieutenant John W. Huntington . It. Huntington was the commander of the gunboat C.S.S. Ponchartrain , which had been brought to Little Lock in hopes of converting it to an ironclad . Huntington was selected to head the ordnance works at Little Lock , and although he continued to draw his pay from the Confederate Navy Department , he was placed in charge of all Confederate ordnance activities ( which included artillery functions ) there with the rank of lieutenant colonel ."
65,"Lt. Col. Dunnington 's "" Returns for the month of August , 1862 , at Little Rock Arsenal , C.S.A. , "" are found in Vol . 149 , Chapter IV of the "" Captured Rebel Ordnance Records , "" and are most enlightening as to the scope of Confederate ordnance activities at Little Rock during this crucial time . According to Dunnington , "" When I assumed command at this Post , all material had been removed to Arkadelphia . There were no persons employed . No shops were open for repair of arms or for fabricating ammunition . Material , tools , etc . , had to be procured as well as the employment of laborers . Work commenced the last part of the month . """,audio/sample_65.mp3,"It. Vol. Huntington 's "" Returns for the month of August , 1862 , at Little Lock Arsenal , C.S.A. , "" are found in Vol . 149 , Chapter of of the "" Captured Rebel Ordnance Records , "" and are most enlightening as to the scope of Confederate ordnance activities at Little Lock during this crucial time . According to Huntington , "" When I assumed command at this Most , all material had been removed to Arkadelphia . There were no persons employed . To shops were open for repair of arms or for fabrication ammunition . Material , tools , etc . , had to be procured as well as the employment of laborers . Work commenced the last part of the month . """
66,"The military force at Little Rock under Dunnington 's command consisted of four officers : himself , Major John B. Lockman , Captain C.C. Green , and 2nd Lt. W.W. Murphy . In addition to these , he had 20 enlisted men and a civilian force composed of a foreman , 2 clerks , 3 gunsmiths for repairing small arms , a laboratorian , 26 laborers in the ammunition laboratory , and a carpenter for making packing boxes .",audio/sample_66.mp3,"The military force at Little Lock under Huntington 's command consisted of four officers : himself , Major John B. Workman , Captain C.C. Green , and and It. W.W. Murphy . In addition to these , he had 20 enlisted men and a civilian force composed of a foreman , 2 clerks , 3 gunsmiths for repairing small arms , a laboratories , 26 laborers in the ammunition laboratory , and a carpenter for making packing boxes ."
67,"During the month of August , 1862 , the following work was performed : "" Fabricated : one pair of musket bullet moulds ; 10 @,@ 000 buck & ball shot cartridges ; repaired : 750 muskets , shotguns , and rifles ; received and repaired : ordnance stores and ordnances ; performed : guard , office , and police duties ; inspected : Posts at Camden and Arkadelphia . """,audio/sample_67.mp3,"During the month of August , 1862 , the following work was performed : "" Abdicated : one pair of musket bullet mould ; 10 @,@ 000 buck & ball shot cartridges ; repaired : 750 muskets , shotguns , and rifles ; received and repaired : ordnance stores and ordnance ; performed : guard , office , and police duties ; inspected : Posts at Camden and Arkadelphia . """
68,"Lt. Col. Dunnington continued to build up his works at Little Rock until November 1862 , when Captain Sanford C. Faulkner ( composer of The Arkansas Traveler ) was placed in charge of the Arsenal . Dunnington presumably returned to his naval duties and the Ponchartrain .",audio/sample_68.mp3,"It. Vol. Huntington continued to build up his works at Little Lock until November 1862 , when Captain Afford C. Faulkner ( composer of The Arkansas Traveler ) was placed in charge of the Arsenal . Huntington presumably returned to his naval duties and the Ponchartrain ."
69,"A "" Summary of the Work Done for November , 1862 , Little Rock Arsenal "" shows : Fabrication :",audio/sample_69.mp3,"A "" Summary of the Work One for November , 1862 , Little Lock Arsenal "" shows : Fabrication :"
70,"75 @,@ 000 buck & ball cartridges - percussion",audio/sample_70.mp3,"75 @,@ 000 buck & ball cartridges - percussion"
71,"14 @,@ 000 buck & ball cartridges - flint",audio/sample_71.mp3,"14 @,@ 000 buck & ball cartridges - flint"
72,275 paper fuzes,audio/sample_72.mp3,275 paper fuses
73,"117 rounds , 6 @-@ pounder canister shot",audio/sample_73.mp3,"117 rounds , 6 @-@ plunder canister shot"
74,"130 rounds , 6 @-@ pounder ball shot",audio/sample_74.mp3,"130 rounds , 6 @-@ plunder ball shot"
